{
    "ORD-1768939837-4532": {
        "id": "ORD-1768939837-4532",
        "items": [
            {
                "id": "p1",
                "name": "Coffee",
                "price": 20000,
                "quantity": 1
            }
        ],
        "total": 20000,
        "customer": {
            "email": "test@example.com",
            "name": "Test"
        },
        "status": "pending",
        "created_at": "2026-01-20T20:10:37+00:00"
    },
    "ORD-1768940967-8456": {
        "id": "ORD-1768940967-8456",
        "items": [
            {
                "id": "p1",
                "name": "Coffee",
                "price": 20000,
                "quantity": 1
            }
        ],
        "total": 20000,
        "customer": {
            "email": "test@example.com",
            "name": "Test"
        },
        "status": "pending",
        "created_at": "2026-01-20T20:29:27+00:00"
    },
    "ORD-1768941652-9535": {
        "id": "ORD-1768941652-9535",
        "items": [
            {
                "id": "p1",
                "name": "Coffee",
                "price": 20000,
                "quantity": 1
            }
        ],
        "total": 20000,
        "customer": {
            "email": "test@example.com",
            "name": "Test"
        },
        "status": "pending",
        "created_at": "2026-01-20T20:40:52+00:00"
    },
    "ORD-1768982722-3704": {
        "id": "ORD-1768982722-3704",
        "items": [
            {
                "id": "p1",
                "name": "Coffee",
                "price": 20000,
                "quantity": 1
            }
        ],
        "total": 20000,
        "customer": {
            "email": "test@example.com",
            "name": "Test"
        },
        "status": "pending",
        "created_at": "2026-01-21T08:05:22+00:00"
    },
    "ORD-1768985465-5987": {
        "id": "ORD-1768985465-5987",
        "items": [
            {
                "id": "p1",
                "name": "Coffee",
                "price": 10000,
                "quantity": 1
            }
        ],
        "total": 10000,
        "customer": {
            "name": "Test User",
            "email": "test@example.com",
            "phone": "08123456789"
        },
        "status": "paid",
        "created_at": "2026-01-21T08:51:05+00:00",
        "xendit_notification": {
            "external_id": "ORD-1768985465-5987",
            "status": "PAID"
        },
        "updated_at": "2026-01-21T08:54:19+00:00"
    },
    "ORD-1768985894-2190": {
        "id": "ORD-1768985894-2190",
        "items": [
            {
                "id": "p1",
                "name": "Coffee",
                "price": 15000,
                "quantity": 1
            }
        ],
        "total": 15000,
        "customer": {
            "name": "Xendit Tester",
            "email": "xtest@example.com",
            "phone": "081234567890"
        },
        "status": "paid",
        "created_at": "2026-01-21T08:58:14+00:00",
        "xendit_notification": {
            "external_id": "ORD-1768985894-2190",
            "status": "PAID"
        },
        "updated_at": "2026-01-21T08:59:19+00:00"
    },
    "ORD-1768986623-9388": {
        "id": "ORD-1768986623-9388",
        "items": [
            {
                "id": "p1",
                "name": "Coffee",
                "price": 20000,
                "quantity": 1
            }
        ],
        "total": 20000,
        "customer": {
            "name": "Live Tester",
            "email": "live@test.example",
            "phone": "081200000000"
        },
        "status": "pending",
        "created_at": "2026-01-21T09:10:23+00:00"
    },
    "ORD-1768986906-7700": {
        "id": "ORD-1768986906-7700",
        "items": [
            {
                "id": "p1",
                "name": "Kopi Test",
                "price": 12000,
                "quantity": 1
            }
        ],
        "total": 12000,
        "customer": {
            "name": "E2E User",
            "email": "e2e@local.test",
            "phone": "081299988877"
        },
        "status": "paid",
        "created_at": "2026-01-21T09:15:06+00:00",
        "xendit_notification": {
            "external_id": "ORD-1768986906-7700",
            "status": "PAID"
        },
        "updated_at": "2026-01-21T09:45:03+00:00"
    },
    "ORD-1769052114-2417": {
        "id": "ORD-1769052114-2417",
        "items": [
            {
                "id": 1,
                "name": "Espresso",
                "price": 25000,
                "quantity": 1
            }
        ],
        "total": 25000,
        "customer": {
            "name": "",
            "email": "",
            "phone": "",
            "address": ""
        },
        "status": "paid",
        "created_at": "2026-01-22T03:21:54+00:00",
        "updated_at": "2026-01-22T03:21:57+00:00"
    },
    "ORD-1769052735-6764": {
        "id": "ORD-1769052735-6764",
        "items": [
            {
                "id": 1,
                "name": "Espresso",
                "price": 25000,
                "quantity": 1
            }
        ],
        "total": 25000,
        "customer": {
            "name": "",
            "email": "",
            "phone": "",
            "address": ""
        },
        "status": "paid",
        "created_at": "2026-01-22T03:32:15+00:00",
        "updated_at": "2026-01-22T03:32:21+00:00"
    },
    "ORD-1769052835-4930": {
        "id": "ORD-1769052835-4930",
        "items": [
            {
                "id": 1,
                "name": "Espresso",
                "price": 25000,
                "quantity": 1
            }
        ],
        "total": 25000,
        "customer": {
            "name": "",
            "email": "",
            "phone": "",
            "address": ""
        },
        "status": "paid",
        "created_at": "2026-01-22T03:33:55+00:00",
        "updated_at": "2026-01-22T03:33:59+00:00"
    },
    "ORD-1769242952-8654": {
        "id": "ORD-1769242952-8654",
        "items": [
            {
                "id": "1",
                "name": "Americano",
                "price": 25000,
                "quantity": 2
            }
        ],
        "total": 50000,
        "customer": {
            "name": "Test",
            "email": "test@test.com",
            "phone": "08123456",
            "address": "Jl Test"
        },
        "status": "pending",
        "created_at": "2026-01-24T08:22:32+00:00",
        "ip_address": "::1"
    },
    "ORD-1769249956-7592": {
        "id": "ORD-1769249956-7592",
        "items": [
            {
                "id": "1",
                "name": "Espresso",
                "price": 25000,
                "quantity": 1
            }
        ],
        "total": 40000,
        "customer": {
            "name": "Aria",
            "email": "ariashop87@gmail.com",
            "phone": "08678950404958",
            "address": "JL. Bandung, Df01, JI02, JI"
        },
        "status": "pending",
        "created_at": "2026-01-24T10:19:16+00:00",
        "ip_address": "::1"
    },
    "ORD-1769250412-2114": {
        "id": "ORD-1769250412-2114",
        "items": [
            {
                "id": "1",
                "name": "Espresso",
                "price": 25000,
                "quantity": 1
            }
        ],
        "total": 40000,
        "customer": {
            "name": "Aria",
            "email": "ariashop87@gmail.com",
            "phone": "085649697970",
            "address": "Jl. Jakarta no 10, Df01, JI02, JI"
        },
        "status": "pending",
        "created_at": "2026-01-24T10:26:52+00:00",
        "ip_address": "::1"
    },
    "ORD-1769250417-7471": {
        "id": "ORD-1769250417-7471",
        "items": [
            {
                "id": "1",
                "name": "Espresso",
                "price": 25000,
                "quantity": 1
            }
        ],
        "total": 40000,
        "customer": {
            "name": "Aria",
            "email": "ariashop87@gmail.com",
            "phone": "085649697970",
            "address": "Jl. Jakarta no 10, Df01, JI02, JI"
        },
        "status": "pending",
        "created_at": "2026-01-24T10:26:57+00:00",
        "ip_address": "::1"
    },
    "ORD-1769250419-9974": {
        "id": "ORD-1769250419-9974",
        "items": [
            {
                "id": "1",
                "name": "Espresso",
                "price": 25000,
                "quantity": 1
            }
        ],
        "total": 40000,
        "customer": {
            "name": "Aria",
            "email": "ariashop87@gmail.com",
            "phone": "085649697970",
            "address": "Jl. Jakarta no 10, Df01, JI02, JI"
        },
        "status": "pending",
        "created_at": "2026-01-24T10:26:59+00:00",
        "ip_address": "::1"
    },
    "ORD-1769250545-3402": {
        "id": "ORD-1769250545-3402",
        "items": [
            {
                "id": "2",
                "name": "Cappuccino",
                "price": 35000,
                "quantity": 3
            }
        ],
        "total": 120000,
        "customer": {
            "name": "Aria",
            "email": "ariashop87@gmail.com",
            "phone": "08678950404958",
            "address": "Jl. Jakarta no 10\n, Df01, JI02, JI"
        },
        "status": "pending",
        "created_at": "2026-01-24T10:29:05+00:00",
        "ip_address": "::1"
    },
    "ORD-1769251311-9356": {
        "id": "ORD-1769251311-9356",
        "items": [
            {
                "id": "2",
                "name": "Cappuccino",
                "price": 35000,
                "quantity": 3
            }
        ],
        "total": 120000,
        "customer": {
            "name": "Aria",
            "email": "ariashop87@gmail.com",
            "phone": "09887788688",
            "address": "Jl. Merak no 50, Df01, JI02, JI"
        },
        "status": "pending",
        "created_at": "2026-01-24T10:41:51+00:00",
        "ip_address": "::1"
    },
    "ORD-1769251398-3210": {
        "id": "ORD-1769251398-3210",
        "items": [
            {
                "id": "2",
                "name": "Cappuccino",
                "price": 35000,
                "quantity": 1
            }
        ],
        "total": 50000,
        "customer": {
            "name": "Aria",
            "email": "ariashop87@gmail.com",
            "phone": "08678950404958",
            "address": "JL. surabaya no 10, Df01, JI02, JI"
        },
        "status": "pending",
        "created_at": "2026-01-24T10:43:18+00:00",
        "ip_address": "::1"
    },
    "ORD-1769252580-9996": {
        "id": "ORD-1769252580-9996",
        "items": [
            {
                "id": "1",
                "name": "Espresso",
                "price": 25000,
                "quantity": 1
            }
        ],
        "total": 40000,
        "customer": {
            "name": "Aria",
            "email": "ariashop87@gmail.com",
            "phone": "09887788688",
            "address": "Jl. Malang no 23, Df01, BA02, BA"
        },
        "status": "pending",
        "created_at": "2026-01-24T11:03:01+00:00",
        "ip_address": "::1"
    },
    "ORD-1769266208-3872": {
        "id": "ORD-1769266208-3872",
        "items": [
            {
                "id": "5",
                "name": "Mocha",
                "price": 40000,
                "quantity": 1
            }
        ],
        "total": 55000,
        "customer": {
            "name": "Aria",
            "email": "ariashop87@gmail.com",
            "phone": "09887788688",
            "address": "Jl. anjing goblok no12, JK0203, JK02, JK"
        },
        "status": "pending",
        "created_at": "2026-01-24T14:50:09+00:00",
        "ip_address": "::1"
    },
    "ORD-1769266534-7014": {
        "id": "ORD-1769266534-7014",
        "items": [
            {
                "id": "2",
                "name": "Cappuccino",
                "price": 35000,
                "quantity": 1
            }
        ],
        "total": 50000,
        "customer": {
            "name": "Aria",
            "email": "ariashop87@gmail.com",
            "phone": "09887788688",
            "address": "Jl. jeruk no 20, Df02, JK03, JK"
        },
        "status": "pending",
        "created_at": "2026-01-24T14:55:34+00:00",
        "ip_address": "::1"
    },
    "ORD-1769267098-9340": {
        "id": "ORD-1769267098-9340",
        "items": [
            {
                "id": "2",
                "name": "Cappuccino",
                "price": 35000,
                "quantity": 1
            }
        ],
        "total": 50000,
        "customer": {
            "name": "Aria",
            "email": "ariashop87@gmail.com",
            "phone": "08678950404958",
            "address": "Jl. buah dada no 123, Df02, JK01, JK"
        },
        "status": "pending",
        "created_at": "2026-01-24T15:04:58+00:00",
        "ip_address": "::1"
    },
    "ORD-1769267823-6307": {
        "id": "ORD-1769267823-6307",
        "items": [
            {
                "id": "3",
                "name": "Latte",
                "price": 38000,
                "quantity": 1
            }
        ],
        "total": 53000,
        "customer": {
            "name": "Aria",
            "email": "ariashop87@gmail.com",
            "phone": "09887788688",
            "address": "Jl. anjing tolol 345, JK0205, JK02, JK"
        },
        "status": "pending",
        "created_at": "2026-01-24T15:17:03+00:00",
        "ip_address": "::1"
    },
    "ORD-1769273308-1352": {
        "id": "ORD-1769273308-1352",
        "items": [
            {
                "id": "3",
                "name": "Latte",
                "price": 38000,
                "quantity": 1
            }
        ],
        "total": 53000,
        "customer": {
            "name": "ridho",
            "email": "ridhohuman11@gmail.com",
            "phone": "09018398923",
            "address": "Jl. Jakarta no 12, Df01, JI02, JI"
        },
        "status": "pending",
        "created_at": "2026-01-24T16:48:28+00:00",
        "ip_address": "::1"
    },
    "ORD-1769276349-3097": {
        "id": "ORD-1769276349-3097",
        "items": [
            {
                "id": "2",
                "name": "Cappuccino",
                "price": 35000,
                "quantity": 1
            }
        ],
        "total": 50000,
        "customer": {
            "name": "ridho",
            "email": "ridhohuman11@gmail.com",
            "phone": "09887788688",
            "address": "jl. sukatani no 89, JK0203, JK02, JK"
        },
        "status": "pending",
        "created_at": "2026-01-24T17:39:09+00:00",
        "ip_address": "::1"
    },
    "ORD-1769278916-4378": {
        "id": "ORD-1769278916-4378",
        "items": [
            {
                "id": "1",
                "name": "Espresso",
                "price": 30000,
                "quantity": 1
            }
        ],
        "total": 45000,
        "customer": {
            "name": "ridho",
            "email": "ridhohuman11@gmail.com",
            "phone": "08678950404958",
            "address": "Jl. Jancok 98008, JK0203, JK02, JK"
        },
        "status": "pending",
        "created_at": "2026-01-24T18:21:57+00:00",
        "ip_address": "::1"
    },
    "ORD-1769283386-2714": {
        "id": "ORD-1769283386-2714",
        "items": [
            {
                "id": "2",
                "name": "Cappuccino",
                "price": 35000,
                "quantity": 2
            },
            {
                "id": "3",
                "name": "Latte",
                "price": 38000,
                "quantity": 1
            },
            {
                "id": "5",
                "name": "Mocha",
                "price": 42000,
                "quantity": 1
            }
        ],
        "total": 165000,
        "customer": {
            "name": "ridho",
            "email": "ridhohuman11@gmail.com",
            "phone": "08678950404958",
            "address": "Jl. sudirman no 90, JK0204, JK02, JK"
        },
        "status": "pending",
        "created_at": "2026-01-24T19:36:26+00:00",
        "ip_address": "::1"
    },
    "ORD-1769283808-8677": {
        "id": "ORD-1769283808-8677",
        "items": [
            {
                "id": "2",
                "name": "Cappuccino",
                "price": 35000,
                "quantity": 1
            }
        ],
        "total": 50000,
        "customer": {
            "name": "ridho",
            "email": "ridhohuman11@gmail.com",
            "phone": "08678950404958",
            "address": "jl. bendykghjhjhjkoh, Df01, JK04, JK"
        },
        "status": "pending",
        "created_at": "2026-01-24T19:43:29+00:00",
        "ip_address": "::1"
    },
    "ORD-1769284930-4960": {
        "id": "ORD-1769284930-4960",
        "items": [
            {
                "id": "12",
                "name": "Cheesecake",
                "price": 38000,
                "quantity": 1
            }
        ],
        "total": 53000,
        "customer": {
            "name": "ridho",
            "email": "ridhohuman11@gmail.com",
            "phone": "09887788688",
            "address": "jl. soekarno hatta  no 15, Df01, JK01, JK"
        },
        "status": "pending",
        "created_at": "2026-01-24T20:02:10+00:00",
        "ip_address": "::1"
    },
    "ORD-1769285054-9075": {
        "id": "ORD-1769285054-9075",
        "items": [
            {
                "id": "2",
                "name": "Cappuccino",
                "price": 35000,
                "quantity": 3
            }
        ],
        "total": 120000,
        "customer": {
            "name": "ridho",
            "email": "ridhohuman11@gmail.com",
            "phone": "09887788688",
            "address": "Jl. Jambu no 89, Df01, YO01, YO"
        },
        "status": "pending",
        "created_at": "2026-01-24T20:04:14+00:00",
        "ip_address": "::1"
    },
    "ORD-1769320040-4831": {
        "id": "ORD-1769320040-4831",
        "items": [
            {
                "id": "2",
                "name": "Cappuccino",
                "price": 35000,
                "quantity": 1
            }
        ],
        "total": 50000,
        "customer": {
            "name": "ridho",
            "email": "ridhohuman11@gmail.com",
            "phone": "09887788688",
            "address": "jl. Malang indah no 90, JK0201, JK02, JK"
        },
        "status": "pending",
        "created_at": "2026-01-25T05:47:21+00:00",
        "ip_address": "::1"
    },
    "ORD-1769320130-2669": {
        "id": "ORD-1769320130-2669",
        "items": [
            {
                "id": "1",
                "name": "Espresso",
                "price": 25000,
                "quantity": 1
            }
        ],
        "total": 40000,
        "customer": {
            "name": "ridho",
            "email": "ridhohuman11@gmail.com",
            "phone": "09887788688",
            "address": "jl. Manuk 098 malang, Df01, JK01, JK"
        },
        "status": "pending",
        "created_at": "2026-01-25T05:48:50+00:00",
        "ip_address": "::1"
    },
    "ORD-1769320177-4610": {
        "id": "ORD-1769320177-4610",
        "items": [
            {
                "id": "3",
                "name": "Latte",
                "price": 38000,
                "quantity": 1
            }
        ],
        "total": 53000,
        "customer": {
            "name": "ridho",
            "email": "ridhohuman11@gmail.com",
            "phone": "08678950404958",
            "address": "jl. Ajncok kjaksj0190, Df02, JT02, JT"
        },
        "status": "pending",
        "created_at": "2026-01-25T05:49:37+00:00",
        "ip_address": "::1"
    },
    "ORD-1769321204-1535": {
        "id": "ORD-1769321204-1535",
        "items": [
            {
                "id": "1",
                "name": "Espresso",
                "price": 25000,
                "quantity": 1
            }
        ],
        "total": 40000,
        "customer": {
            "name": "ridho",
            "email": "ridhohuman11@gmail.com",
            "phone": "09887788688",
            "address": "Jl. Taik Kucing no 89 , Df01, JK01, JK"
        },
        "status": "pending",
        "created_at": "2026-01-25T06:06:44+00:00",
        "ip_address": "::1"
    },
    "ORD-1769321804-3388": {
        "id": "ORD-1769321804-3388",
        "items": [
            {
                "id": "3",
                "name": "Latte",
                "price": 38000,
                "quantity": 1
            }
        ],
        "total": 53000,
        "customer": {
            "name": "ridho",
            "email": "ridhohuman11@gmail.com",
            "phone": "09887788688",
            "address": "Jl. Bunga Mawar no 56, JK0202, JK02, JK"
        },
        "status": "pending",
        "created_at": "2026-01-25T06:16:44+00:00",
        "ip_address": "::1"
    },
    "ORD-1769328145-9882": {
        "id": "ORD-1769328145-9882",
        "items": [
            {
                "id": "3",
                "name": "Latte",
                "price": 38000,
                "quantity": 1
            }
        ],
        "total": 53000,
        "customer": {
            "name": "ridho",
            "email": "ridhohuman11@gmail.com",
            "phone": "09887788688",
            "address": "Jl. Jeruk no 13, JK0203, JK02, JK"
        },
        "status": "pending",
        "created_at": "2026-01-25T08:02:25+00:00",
        "ip_address": "::1"
    },
    "ORD-1769421296-8765": {
        "id": "ORD-1769421296-8765",
        "items": [
            {
                "id": "2",
                "name": "Cappuccino",
                "price": 35000,
                "quantity": 1
            }
        ],
        "total": 50000,
        "customer": {
            "name": "ridho",
            "email": "ridhohuman11@gmail.com",
            "phone": "09887788688",
            "address": "JL. Subang no 09, Df01, JK03, JK"
        },
        "status": "paid",
        "created_at": "2026-01-26T09:54:56+00:00",
        "ip_address": "::1",
        "payment_id": "invoice_697741c61b894",
        "paid_at": "2026-01-26T10:28:22+00:00",
        "xendit_notification": {
            "id": "invoice_697741c61b894",
            "external_id": "ORD-1769421296-8765",
            "status": "PAID",
            "amount": 10000,
            "paid_amount": 10000,
            "payer_email": "ridhohuman11@gmail.com",
            "payment_method": "QRIS",
            "payment_channel": "QRIS",
            "paid_at": "2026-01-26T10:28:22+00:00",
            "updated": "2026-01-26T10:28:22+00:00"
        },
        "updated_at": "2026-01-26T10:28:22+00:00"
    },
    "ORD-1769429242-9043": {
        "id": "ORD-1769429242-9043",
        "items": [
            {
                "id": "2",
                "name": "Cappuccino",
                "price": 35000,
                "quantity": 1
            }
        ],
        "total": 50000,
        "customer": {
            "name": "ridho",
            "email": "ridhohuman11@gmail.com",
            "phone": "08678950404958",
            "address": "Jl. Rambutan no 09, JB0102, JB01, JB"
        },
        "status": "pending",
        "created_at": "2026-01-26T12:07:22+00:00",
        "ip_address": "::1"
    },
    "ORD-1769432132-4770": {
        "id": "ORD-1769432132-4770",
        "items": [
            {
                "id": "5",
                "name": "Mocha",
                "price": 40000,
                "quantity": 1
            },
            {
                "id": "3",
                "name": "Latte",
                "price": 38000,
                "quantity": 1
            },
            {
                "id": "2",
                "name": "Cappuccino",
                "price": 35000,
                "quantity": 2
            },
            {
                "id": "1",
                "name": "Espresso",
                "price": 25000,
                "quantity": 1
            },
            {
                "id": "2",
                "name": "Cappuccino",
                "price": 42000,
                "quantity": 1
            },
            {
                "id": "3",
                "name": "Latte",
                "price": 45000,
                "quantity": 1
            },
            {
                "id": "5",
                "name": "Mocha",
                "price": 47000,
                "quantity": 1
            }
        ],
        "total": 322000,
        "customer": {
            "name": "ridho",
            "email": "ridhohuman11@gmail.com",
            "phone": "09887788688",
            "address": "jjbhkjnpknoknojnlkn, Df01, JI02, JI"
        },
        "status": "pending",
        "created_at": "2026-01-26T12:55:32+00:00",
        "ip_address": "::1"
    },
    "ORD-1769436388-4431": {
        "id": "ORD-1769436388-4431",
        "items": [
            {
                "id": "2",
                "name": "Cappuccino",
                "price": 35000,
                "quantity": 1
            },
            {
                "id": "1",
                "name": "Espresso",
                "price": 25000,
                "quantity": 1
            },
            {
                "id": "1",
                "name": "Espresso",
                "price": 30000,
                "quantity": 1
            },
            {
                "id": "3",
                "name": "Latte",
                "price": 45000,
                "quantity": 1
            },
            {
                "id": "5",
                "name": "Mocha",
                "price": 47000,
                "quantity": 3
            },
            {
                "id": "4",
                "name": "Americano",
                "price": 37000,
                "quantity": 1
            },
            {
                "id": "4",
                "name": "Americano",
                "price": 32000,
                "quantity": 1
            },
            {
                "id": "12",
                "name": "Cheesecake",
                "price": 38000,
                "quantity": 5
            },
            {
                "id": "11",
                "name": "Tiramisu",
                "price": 35000,
                "quantity": 2
            },
            {
                "id": "6",
                "name": "Matcha Latte",
                "price": 44000,
                "quantity": 2
            },
            {
                "id": "6",
                "name": "Matcha Latte",
                "price": 47000,
                "quantity": 1
            },
            {
                "id": "7",
                "name": "Chocolate",
                "price": 40000,
                "quantity": 1
            },
            {
                "id": "8",
                "name": "Fresh Orange Juice",
                "price": 33000,
                "quantity": 1
            },
            {
                "id": "9",
                "name": "Croissant",
                "price": 25000,
                "quantity": 1
            },
            {
                "id": "10",
                "name": "Sandwich",
                "price": 45000,
                "quantity": 1
            },
            {
                "id": "5",
                "name": "Mocha",
                "price": 45000,
                "quantity": 1
            },
            {
                "id": "5",
                "name": "Mocha",
                "price": 40000,
                "quantity": 1
            },
            {
                "id": "5",
                "name": "Mocha",
                "price": 42000,
                "quantity": 1
            }
        ],
        "total": 1025000,
        "customer": {
            "name": "ridho",
            "email": "ridhohuman11@gmail.com",
            "phone": "09887788688",
            "address": "ihyhfghfhgfhjv, Df02, JB02, JB"
        },
        "status": "pending",
        "created_at": "2026-01-26T14:06:29+00:00",
        "ip_address": "::1"
    },
    "ORD-1769441313-9733": {
        "id": "ORD-1769441313-9733",
        "items": [
            {
                "id": "2",
                "name": "Cappuccino",
                "price": 35000,
                "quantity": 1
            },
            {
                "id": "2",
                "name": "Cappuccino",
                "price": 42000,
                "quantity": 1
            }
        ],
        "total": 92000,
        "customer": {
            "name": "ridho",
            "email": "ridhohuman11@gmail.com",
            "phone": "08678950404958",
            "address": "Jl. kangkung no 89, JK0203, JK02, JK"
        },
        "status": "pending",
        "created_at": "2026-01-26T15:28:33+00:00",
        "ip_address": "::1"
    },
    "ORD-1769441456-2686": {
        "id": "ORD-1769441456-2686",
        "items": [
            {
                "id": "2",
                "name": "Cappuccino",
                "price": 42000,
                "quantity": 1
            }
        ],
        "total": 57000,
        "customer": {
            "name": "ridho",
            "email": "ridhohuman11@gmail.com",
            "phone": "09887788688",
            "address": "lhjguybuyrp9868y8, Df01, JK01, JK"
        },
        "status": "pending",
        "created_at": "2026-01-26T15:30:56+00:00",
        "ip_address": "::1"
    },
    "ORD-1769442405-1756": {
        "id": "ORD-1769442405-1756",
        "items": [
            {
                "id": "3",
                "name": "Latte",
                "price": 45000,
                "quantity": 1
            }
        ],
        "total": 60000,
        "customer": {
            "name": "ridho",
            "email": "ridhohuman11@gmail.com",
            "phone": "09887788688",
            "address": "kjhvbhjvyuufotdtdyt, JK0203, JK02, JK"
        },
        "status": "pending",
        "created_at": "2026-01-26T15:46:45+00:00",
        "ip_address": "::1"
    },
    "ORD-1769444156-9113": {
        "id": "ORD-1769444156-9113",
        "items": [
            {
                "id": "2",
                "name": "Cappuccino",
                "price": 35000,
                "quantity": 1
            },
            {
                "id": "3",
                "name": "Latte",
                "price": 45000,
                "quantity": 1
            }
        ],
        "total": 95000,
        "customer": {
            "name": "ridho",
            "email": "ridhohuman11@gmail.com",
            "phone": "08678950404958",
            "address": "asfsgdfasdf fgsdgdd, Df01, JT01, JT"
        },
        "status": "pending",
        "created_at": "2026-01-26T16:15:56+00:00",
        "ip_address": "::1"
    }
}