[
    {
        "timestamp": "2026-01-26 10:09:07",
        "provider": "xendit",
        "verified": true,
        "ip": "::1",
        "user_agent": "unknown",
        "data": {
            "id": "invoice_69773d43c384b",
            "external_id": "ORD-1769421296-8765",
            "status": "PAID",
            "amount": 10000,
            "paid_amount": 10000,
            "payer_email": "ridhohuman11@gmail.com",
            "payment_method": "QRIS",
            "payment_channel": "QRIS",
            "paid_at": "2026-01-26T10:09:07+00:00",
            "updated": "2026-01-26T10:09:07+00:00"
        }
    },
    {
        "timestamp": "2026-01-26 10:28:22",
        "provider": "xendit",
        "verified": true,
        "ip": "::1",
        "user_agent": "unknown",
        "data": {
            "id": "invoice_697741c61b894",
            "external_id": "ORD-1769421296-8765",
            "status": "PAID",
            "amount": 10000,
            "paid_amount": 10000,
            "payer_email": "ridhohuman11@gmail.com",
            "payment_method": "QRIS",
            "payment_channel": "QRIS",
            "paid_at": "2026-01-26T10:28:22+00:00",
            "updated": "2026-01-26T10:28:22+00:00"
        }
    },
    {
        "timestamp": "2026-01-26 10:35:13",
        "provider": "xendit",
        "verified": true,
        "ip": "::1",
        "user_agent": "unknown",
        "data": {
            "id": "invoice_69774360f247f",
            "external_id": "ORD-1769421296-8765",
            "status": "PAID",
            "amount": 10000,
            "paid_amount": 10000,
            "payer_email": "ridhohuman11@gmail.com",
            "payment_method": "QRIS",
            "payment_channel": "QRIS",
            "paid_at": "2026-01-26T10:35:12+00:00",
            "updated": "2026-01-26T10:35:12+00:00"
        }
    },
    {
        "timestamp": "2026-01-26 11:05:31",
        "provider": "xendit",
        "verified": true,
        "ip": "::1",
        "user_agent": "unknown",
        "data": {
            "id": "invoice_69774a7b8399c",
            "external_id": "ORD-1769421296-8765",
            "status": "PAID",
            "amount": 10000,
            "paid_amount": 10000,
            "payer_email": "ridhohuman11@gmail.com",
            "payment_method": "QRIS",
            "payment_channel": "QRIS",
            "paid_at": "2026-01-26T11:05:31+00:00",
            "updated": "2026-01-26T11:05:31+00:00"
        }
    },
    {
        "timestamp": "2026-01-26 11:06:43",
        "provider": "xendit",
        "verified": true,
        "ip": "::1",
        "user_agent": "unknown",
        "data": {
            "id": "invoice_69774ac304b3b",
            "external_id": "ORD-1769421296-8765",
            "status": "PAID",
            "amount": 10000,
            "paid_amount": 10000,
            "payer_email": "ridhohuman11@gmail.com",
            "payment_method": "QRIS",
            "payment_channel": "QRIS",
            "paid_at": "2026-01-26T11:06:43+00:00",
            "updated": "2026-01-26T11:06:43+00:00"
        }
    },
    {
        "timestamp": "2026-01-26 11:07:15",
        "provider": "xendit",
        "verified": true,
        "ip": "::1",
        "user_agent": "unknown",
        "data": {
            "id": "invoice_69774ae3084f8",
            "external_id": "ORD-1769421296-8765",
            "status": "PAID",
            "amount": 10000,
            "paid_amount": 10000,
            "payer_email": "ridhohuman11@gmail.com",
            "payment_method": "QRIS",
            "payment_channel": "QRIS",
            "paid_at": "2026-01-26T11:07:15+00:00",
            "updated": "2026-01-26T11:07:15+00:00"
        }
    }
]